artifact_id	logical_path	bytes	sha256	git_status	validation_status	purpose
V8_FULL_METADATA_CANDIDATE	${PROJECT_ROOT}/Project_v3/runs/20260912_v8_full_metadata_candidate_v7_rerun2/annotation_v8_full_candidate_v7.pkl.gz	251914833	23fbf7e21768687bd4df89558462db04be710afd2b9a5a7c37db70e6ed69567c	external	NOT_FROZEN;SHA256_RECOMPUTED_2026-09-12	heavy_full_cohort_metadata_candidate_not_copied_to_Git
V8_FULL_METADATA_SUMMARY	${PROJECT_ROOT}/Project_v3/runs/20260912_v8_full_metadata_candidate_v7_rerun2/run_summary_v7.json	140529	4dfa482c82adcc28356d0aecbc1f1782be395be3f812b1717e89798d678d998f	external	PASS_FULL_METADATA_SOFTWARE_CANDIDATE_V7;SHA256_RECOMPUTED_2026-09-12	run_status_and_scope_limits
V8_FULL_METADATA_STATISTICS	${PROJECT_ROOT}/Project_v3/runs/20260912_v8_full_metadata_candidate_v7_rerun2/full_candidate_statistics_v1.json	112577	bf185a25b485b11a0d0f0b9ccb366e8cf19b22de1c46675f8f6745b773a49e49	external	PASS;SHA256_RECOMPUTED_2026-09-12	candidate_integrity_and_128_V7_field_contract_audit
V8_FULL_METADATA_AUDIT_REPORT	${PROJECT_ROOT}/Project_v3/v8_upgrade/reports/08_FULL_METADATA_CANDIDATE_AUDIT_CN.md	19021	2a5f868eba8071e71231567a5ad70b9b166bdf17de1e6e6d9b2557ebf2108cc5	external	SHA256_RECOMPUTED_AFTER_APPEND_ONLY_V2_CORRECTION_2026-09-12	scope_limitations_and_final_v2_supportive_correction_report
V8_FULL_CANDIDATE_SCATOMIC_SUPPORTIVE_AUDIT_V2	${PROJECT_ROOT}/Project_v3/runs/20260912_v8_full_metadata_candidate_v7_rerun2/full_candidate_scatomic_lung_t20_supportive_audit_v2.json	18719	6f4c22ae1cf83fc4b318872e6f9110caea9057d2c50cdf2cd123244b8fd22034	external	PASS_SUPPORTIVE_ONLY;SHA256_RECOMPUTED_2026-09-12	final_reproducible_v2_supportive_audit_scope_unverified_no_candidate_deserialization
V8_SCATOMIC_RETRY2_SALVAGE_REPORT	${PROJECT_ROOT}/Project_v3/v8_upgrade/reports/08_SCATOMIC_EXACT_SAMPLE_RETRY2_SALVAGE_V4_CN.md	2920	66be84d14ad2f723b3423cad30a6d0455f776b2e56ec0260ead869fae9714d6c	external	PASS_READ_ONLY_SALVAGE;SHA256_RECOMPUTED_2026-09-12	supporting_exact_sample_postprocess_salvage_report
V8_SCATOMIC_RETRY2_SALVAGE_MANIFEST	${PROJECT_ROOT}/Project_v3/v8_upgrade/reports/08_SCATOMIC_EXACT_SAMPLE_RETRY2_SALVAGE_V4.json	9571	adcf8cc27d9fec83972eb83cd07fc8dafa507ca3be0d0296d3ba546100c135a5	external	PASS;SHA256_RECOMPUTED_2026-09-12	read_only_exact_order_validation_manifest
V8_RUN_POLICY_V4	${PROJECT_ROOT}/Project_v3/v8_upgrade/config/run_policy_v4.json	2483	ae3df80b5a963ae1bc3bc21cd73b3d711cc5edea19c98dda12a93956e2049462	external	NOT_FROZEN_POLICY;SHA256_RECOMPUTED_2026-09-12	candidate_only_policy_and_non_promotion_guards
V8_SCALABLE_PILOT_REPLAY_ATTESTATION	${PROJECT_ROOT}/Project_v3/runs/20260912_v8_full_metadata_gate_v1/scalable_pilot_replay_attestation_v1.json	42901	2d676686d640e0067688c4ac30298df26986fda1d94073ec43e4230a8616031b	external	PASS_SCALABLE_PILOT_REPLAY_ATTESTATION_V1;SHA256_RECOMPUTED_2026-09-12	precondition_gate_not_full_cohort_or_accuracy_run
