artifact_id	logical_path	bytes	sha256	freeze_role	status
V7_FINAL_ANNOTATION_CHECKPOINT	${V7_RUN_ROOT}/checkpoints/final_annotation_v7.pkl.gz	222493237	e4fda365b2bfa9ea6f82b9b48c4ce6009a0bf31dcfb5a57e7e94cab6d8d3981e	global_identity_and_malignancy	external_frozen
V7_OBS_ONLY_H5AD	${V7_RUN_ROOT}/objects/final_annotation_v7_obs_only.h5ad	502199472	e5b68d7e5f127bcdcdadc3aaa94a9bce027ec032e6b82e68e5847ea5ccf7b38e	global_downstream_entry	external_frozen
V7_CELL_INDEX	${V7_RUN_ROOT}/cell_index	NA	3f802eb8cc52f04beb27fa2987d2ffe3ddf75f4b4f51dec8e6448b26df8d1f16	cell_universe	logical_hash
V8_MYDC_RULES	${PROJECT_ROOT}/Project_v3/v8_upgrade/biological_freeze_sprint/myeloid_dc_20260913/myeloid_dc_acceptance_rules_frozen_v1.tsv	3050	53db08b20aa70a20414b36b0165ffc673f4bb943c248b93e80c22affc758c649	lineage_rules	external_frozen_taxonomy_only
V8_MYDC_TAXONOMY	${PROJECT_ROOT}/Project_v3/v8_upgrade/biological_freeze_sprint/myeloid_dc_20260913/myeloid_dc_taxonomy_frozen_v2.tsv	1444	6c663787a73b807c0ec91009c8257af12f661d97bfeca5b6ef2b70e6eef71ba4	lineage_taxonomy	external_frozen_taxonomy_only
V8_MYDC_SENTINEL	${PROJECT_ROOT}/Project_v3/v8_upgrade/biological_freeze_sprint/myeloid_dc_20260913/FROZEN_V8_MYELOID_TAXONOMY	900	5cf8b70fe29bda6bd9029ff4968d961a600acfb38fbeaccbc248be562d869699	lineage_sentinel	external_frozen_taxonomy_only
V8_TNK_RULES	${PROJECT_ROOT}/Project_v3/v8_upgrade/biological_freeze_sprint/tnk_20260913/tnk_acceptance_rules_frozen_v1.tsv	918	3396c64cab20df27503c84577f23075974b171b4a777a5e861764ba1917baa08	lineage_rules	external_frozen_taxonomy_only
V8_TNK_TAXONOMY	${PROJECT_ROOT}/Project_v3/v8_upgrade/biological_freeze_sprint/tnk_20260913/tnk_taxonomy_frozen_v1.tsv	1499	5efaeac1c305ada61032bf90d4c11975aa6e2842c9f20b3705ccfa00d46dc7cc	lineage_taxonomy	external_frozen_taxonomy_only
V8_TNK_SENTINEL	${PROJECT_ROOT}/Project_v3/v8_upgrade/biological_freeze_sprint/tnk_20260913/FROZEN_V8_TNK_TAXONOMY	334	faafcf8c9dba0a2647375f9785ad4dc9e115f24af98a8087ca3f884fe0974cad	lineage_sentinel	external_frozen_taxonomy_only
V8_FIBROBLAST_RULES	${PROJECT_ROOT}/Project_v3/v8_upgrade/biological_freeze_sprint/fibroblast_20260913/fibroblast_acceptance_rules_frozen_v1.tsv	715	3aa36f9e7c68c0a79df8e3eccef21a0e7cf3b586f0c03c4fa40b6076c91971ed	lineage_rules	external_frozen_taxonomy_only
V8_FIBROBLAST_TAXONOMY	${PROJECT_ROOT}/Project_v3/v8_upgrade/biological_freeze_sprint/fibroblast_20260913/fibroblast_taxonomy_frozen_v1.tsv	1443	40bc2267a377e17746c506fef21aa2081e177a0eb700ceead7fff4dbd0be4b15	lineage_taxonomy	external_frozen_taxonomy_only
V8_FIBROBLAST_SENTINEL	${PROJECT_ROOT}/Project_v3/v8_upgrade/biological_freeze_sprint/fibroblast_20260913/FROZEN_V8_FIBROBLAST_TAXONOMY	877	c7c1204bc901d9328de77c801082c594c863c5ff2e6c128c0751f4cee643d259	lineage_sentinel	external_frozen_taxonomy_only
V8_ENDOTHELIAL_RULES	${PROJECT_ROOT}/Project_v3/v8_upgrade/biological_freeze_sprint/endothelial_20260914/endothelial_acceptance_rules_frozen_v1.tsv	672	160a5c946f32ddc11c228e1029ed2b3619b071b9e9327f91aa412ea3a11e162e	lineage_rules	external_frozen_taxonomy_only
V8_ENDOTHELIAL_TAXONOMY	${PROJECT_ROOT}/Project_v3/v8_upgrade/biological_freeze_sprint/endothelial_20260914/endothelial_taxonomy_frozen_v1.tsv	1388	04dccfc68ef20c006b9288aafaf0649e22399651921947398104b865f37c0f63	lineage_taxonomy	external_frozen_taxonomy_only
V8_ENDOTHELIAL_SENTINEL	${PROJECT_ROOT}/Project_v3/v8_upgrade/biological_freeze_sprint/endothelial_20260914/FROZEN_V8_ENDOTHELIAL_TAXONOMY	318	3e62a84e58cac4f38e649db0ea43d02d38ab6b84736e6cca3157372acf125b66	lineage_sentinel	external_frozen_taxonomy_only
V8_BPLASMA_RULES	${PROJECT_ROOT}/Project_v3/v8_upgrade/biological_freeze_sprint/b_plasma_20260914/b_plasma_acceptance_rules_frozen_v1.tsv	675	e5c9475766b5f3ad12e332950c4b604f7886a4c7ecfc7f47a5838338b7d67bdb	lineage_rules	external_frozen_taxonomy_only
V8_BPLASMA_TAXONOMY	${PROJECT_ROOT}/Project_v3/v8_upgrade/biological_freeze_sprint/b_plasma_20260914/final_taxonomy_v1.tsv	949	f4fdfa2962817d5ed3e3678ae9d2d2bef9ac4b0e42ed0e6fb9f584de24b66b2e	lineage_taxonomy	external_frozen_taxonomy_only
V8_BPLASMA_SUMMARY	${PROJECT_ROOT}/Project_v3/v8_upgrade/biological_freeze_sprint/b_plasma_20260914/freeze_summary_v1.json	1021	cbd7ed4ca3a2128f5c7598109a0f1b54b71b49709f0a7f1948a26a91421c8f8e	lineage_summary	external_frozen_taxonomy_only
V8_BPLASMA_SENTINEL	${PROJECT_ROOT}/Project_v3/v8_upgrade/biological_freeze_sprint/b_plasma_20260914/FROZEN_V8_B_PLASMA_TAXONOMY	193	e4a49d19c447dea08ab03b0e5e2f5cd8c4b244d4942701507ac7bf10eb69a936	lineage_sentinel	external_frozen_taxonomy_only
V9_FINAL_REPORT	${PROJECT_ROOT}/Project_v3/v9_annotation/V9_FINAL_REPORT_20260919_CN.md	11835	f19c9e94482c67aa40cbe35d36f8fa31ed97aa424301021c13118cad31cc2ae0	candidate_report	external_frozen_candidate_not_promoted
V9_FREEZE_MANIFEST_V2	${PROJECT_ROOT}/Project_v3/v9_annotation/preregistration/V9_FREEZE_MANIFEST_v2.json	203565	af83bec2c4dc11cdc96e07182a72f3da37bc2febe3f16825f93bd21b50406ac6	candidate_manifest	external_frozen_candidate_contains_internal_paths
V9_L3_REVIEW_TEMPLATE	${PROJECT_ROOT}/Project_v3/v9_annotation/preregistration/manual_review_decisions_L3_pilot_TEMPLATE_v2.tsv	2962	0fc20096f4360ee5a0a10cbe663bc13f545409126f9960e1adc6114adb7c4475	candidate_manual_review	external_open_gate
